Row,mu,log_sigma,Q,log_P,beta_SEXM,beta_ADM_AGE_GROUP_50to54,beta_ADM_AGE_GROUP_55to59,beta_ADM_AGE_GROUP_60to64,beta_ADM_AGE_GROUP_65to69,beta_ADM_AGE_GROUP_70to74,beta_ADM_AGE_GROUP_75to79,beta_ADM_AGE_GROUP_80to84,beta_ADM_AGE_GROUP_90to94,beta_ADM_AGE_GROUP_95to99,beta_ADM_AGE_GROUP_100plus,beta_COUNTRY_OF_BIRTH_OTHER,beta_PREFERRED_LANGUAGE_other,beta_ORGANISATION_TYPE_Government,beta_ORGANISATION_TYPE_Private,beta_SERVICE_SIZE_0to20,beta_SERVICE_SIZE_21to40,beta_SERVICE_SIZE_41to60,beta_SERVICE_SIZE_61to80,beta_SERVICE_SIZE_81to100,beta_ACPR_SES_Q1,beta_ACPR_SES_Q2,beta_ACPR_SES_Q3,beta_ACPR_SES_Q4,beta_REMOTENESS_Inner,beta_REMOTENESS_Outer,beta_STATE_VIC,beta_STATE_QLD,beta_STATE_WA,beta_STATE_SA,beta_STATE_TAS,beta_STATE_ACT,beta_STATE_NT
mu,60699.5424795888,22242.4433848177,-16091.0972037384,2098.53173393578,21604.2991056095,195.071061666582,468.193493004399,817.174686700808,1740.00119935602,3729.66128671503,8056.30401871925,15399.6701707769,9964.20999538172,2558.45543341675,270.441056490362,16983.8779519956,5551.42293116045,3311.91246222937,23922.3004983867,714.491741958885,4409.39475320842,8293.28973563156,9951.91493881934,9879.19172331272,3114.01579646227,10185.8513764558,9433.20222636472,14391.7844561296,13557.1283068881,4815.85471507619,15712.2120385921,10853.7750983329,5041.22656629023,6094.27747662897,1701.4130525086,634.154098960478,112.435473458129
log_sigma,22242.4433848177,70782.52734375,10343.0810666024,4897.712890625,8979.611328125,38.225853880215,88.087890625,174.5625,590.556640625,1343.40234375,2921.8125,5695.72265625,3776.8984375,1020.609375,103.689453125,6231.69921875,1983.962890625,1252.41015625,9897.568359375,115.224609375,1047.0234375,2330.87890625,3642.30859375,3830.919921875,1162.818359375,3863.94921875,3356.90625,5318.45703125,5111.14453125,1635.779296875,5681.080078125,3995.109375,1805.998046875,2276.875,663.9140625,217.96875,35.658203125
Q,-16091.0972037384,10343.0810666024,11196.5733024337,232.337262932062,-6681.59182967907,-67.2964391372746,-132.465536612778,-233.663691948145,-537.442051722678,-1053.15199490621,-2163.20333327429,-4058.01860810228,-2603.00323460382,-686.698503960712,-76.1135219409647,-4523.46788167719,-1480.81055500402,-870.711966561129,-6884.93372428333,-198.07317491938,-1139.56465600815,-2233.0971109528,-2699.53440548473,-2618.74301780124,-851.692563138548,-2786.18754305308,-2402.21517831026,-3888.26724977898,-3573.71097416826,-1283.96914189449,-4083.54284553482,-2821.99242145688,-1327.76850264543,-1612.86151454122,-476.849599088865,-168.946143005904,-30.0182094066447
log_P,2098.53173393578,4897.712890625,232.337262932062,417.1015625,1033.890625,4.78774254660138,7.13671875,15.609375,61.126953125,141.77734375,282.1875,560.9453125,347.134765625,88.81640625,10.7578125,581.810546875,189.962890625,121.80078125,1018.0390625,12.294921875,106.2421875,221.80078125,359.466796875,349.71875,110.509765625,380.806640625,317.26953125,524.23046875,487.64453125,166.8984375,532.53515625,350.7734375,178.064453125,219.279296875,71.052734375,23.5625,4.638671875
beta_SEXM,21604.2991056095,8979.611328125,-6681.59182967907,1033.890625,21613.75,133.134242582112,322.134765625,550.72265625,1090.568359375,1880.935546875,3185.859375,5340.904296875,2912.369140625,637.16015625,59.443359375,6451.6953125,2023.4609375,1359.330078125,8753.8828125,264.60546875,1642.291015625,2917.701171875,3443.029296875,3697.224609375,1114.357421875,3890.5078125,3408.560546875,5301.166015625,4964.921875,1824.953125,5432.05859375,4128.54296875,1794.5078125,2039.048828125,629.736328125,232.068359375,52.537109375
beta_ADM_AGE_GROUP_50to54,195.071061666582,38.225853880215,-67.2964391372746,4.78774254660138,133.134242582112,195.136183693614,-0.00380432462979847,-0.00380432462979847,-0.00380432462979847,-0.00380432462979847,-0.00760864925959694,0.00190216231489924,0,0.00380432462979847,0.00380432462979847,14.517302787311,8.27440606981168,29.1981915337033,81.0492340755415,6.39697186500613,16.7504413450027,27.3473876013063,32.6753442453391,31.9373052671582,8.68717529214481,31.4465473899142,38.5758517461565,51.1187100506021,40.8546421994058,20.3797670418304,59.8743631860832,31.128886283326,15.7841428890339,7.19968436189361,0.180705419915427,3.96791058887981,2.70297264947181
beta_ADM_AGE_GROUP_55to59,468.193493004399,88.087890625,-132.465536612778,7.13671875,322.134765625,-0.00380432462979847,468.291015625,0,0,0,0,0.001953125,0,0,0,112.96484375,38.142578125,47.150390625,212.48828125,7.115234375,46.333984375,79.505859375,77.625,74.455078125,31.615234375,83.515625,77.99609375,115.015625,97.607421875,47.73828125,114.806640625,89.396484375,48.26953125,54.724609375,13.244140625,3.88671875,0.197265625
beta_ADM_AGE_GROUP_60to64,817.174686700808,174.5625,-233.663691948145,15.609375,550.72265625,-0.00380432462979847,0,817.396484375,0,0,0,0.001953125,0,0.00390625,0,234.89453125,75.58203125,37.58984375,304.48828125,10.580078125,72.30859375,115.822265625,181.8203125,117.0546875,41.369140625,144.173828125,135.51171875,171.51171875,146.3828125,87.8125,143.42578125,158.974609375,106.8828125,57.884765625,45.859375,15.41796875,0.4921875
beta_ADM_AGE_GROUP_65to69,1740.00119935602,590.556640625,-537.442051722678,61.126953125,1090.568359375,-0.00380432462979847,0,0,1740.46484375,0,0,0.00390625,0,0,0,480.2265625,137.76171875,162.9140625,737.455078125,18.376953125,156.5625,215.4453125,285.884765625,313.4453125,84.87109375,310.029296875,282.859375,464.658203125,356.8671875,172.84765625,451.99609375,338.337890625,142.765625,170.03125,30.525390625,15.50390625,2.58984375
beta_ADM_AGE_GROUP_70to74,3729.66128671503,1343.40234375,-1053.15199490621,141.77734375,1880.935546875,-0.00380432462979847,0,0,0,3730.736328125,-0.00390625,0.00390625,0,0,0,1132.1953125,452.59375,260.283203125,1446.5234375,33.37890625,262.486328125,529.744140625,626.171875,656.11328125,221.330078125,591.548828125,626.384765625,1013.3984375,814.458984375,306.787109375,930.478515625,730.498046875,314.78515625,344.412109375,84.580078125,39.34375,15.841796875
beta_ADM_AGE_GROUP_75to79,8056.30401871925,2921.8125,-2163.20333327429,282.1875,3185.859375,-0.00760864925959694,0,0,0,-0.00390625,8058.5390625,0,0,0,0.00390625,2440.453125,985.796875,420.1953125,3204.322265625,93.849609375,568.20703125,1125.501953125,1325.865234375,1268.693359375,470.6171875,1414.0703125,1225.337890625,1941.654296875,1736.572265625,650.5546875,1996.298828125,1640.42578125,612.07421875,745.26171875,221.73046875,97.955078125,23.271484375
beta_ADM_AGE_GROUP_80to84,15399.6701707769,5695.72265625,-4058.01860810228,560.9453125,5340.904296875,0.00190216231489924,0.001953125,0.001953125,0.00390625,0.00390625,0,15404.029296875,-0.005859375,-0.005859375,-0.001953125,4534.44921875,1609.943359375,808.693359375,6177.705078125,186.5546875,1045.943359375,2187.443359375,2516.9453125,2469.27734375,805.6953125,2623.79296875,2461.15625,3585.818359375,3410.59765625,1256.056640625,4133.78125,2644.51171875,1275.841796875,1520.517578125,398.14453125,181.7109375,39.78125
beta_ADM_AGE_GROUP_90to94,9964.20999538172,3776.8984375,-2603.00323460382,347.134765625,2912.369140625,0,0,0,0,0,0,-0.005859375,9968.845703125,0,0,2272.765625,643.6640625,539.337890625,3781.17578125,142.482421875,729.884765625,1239.9609375,1712.296875,1657.275390625,499.0703125,1496.265625,1540.8828125,2277.265625,2304.462890625,709.751953125,2547.8828125,1667.197265625,857.53515625,1124.21875,347.087890625,107.912109375,6.650390625
beta_ADM_AGE_GROUP_95to99,2558.45543341675,1020.609375,-686.698503960712,88.81640625,637.16015625,0.00380432462979847,0,0.00390625,0,0,0,-0.005859375,0,2559.625,0,746.087890625,192.015625,96.87890625,976.673828125,27.38671875,183.806640625,361.37890625,435.69140625,365.8046875,121.458984375,436.572265625,403.501953125,538.1171875,561.01171875,170.7578125,643.513671875,488.34375,224.046875,227.318359375,49.658203125,21.49609375,2.1171875
beta_ADM_AGE_GROUP_100plus,270.441056490362,103.689453125,-76.1135219409647,10.7578125,59.443359375,0.00380432462979847,0,0,0,0,0.00390625,-0.001953125,0,0,270.560546875,53.359375,14.986328125,17.2890625,133.1640625,7.95703125,20.294921875,54.939453125,55.76171875,37.029296875,29.435546875,34.15625,30.572265625,60.958984375,62.8984375,29.947265625,67.29296875,31.134765625,40.775390625,23.28125,22.90234375,-0.00390625,0.4296875
beta_COUNTRY_OF_BIRTH_OTHER,16983.8779519956,6231.69921875,-4523.46788167719,581.810546875,6451.6953125,14.517302787311,112.96484375,234.89453125,480.2265625,1132.1953125,2440.453125,4534.44921875,2272.765625,746.087890625,53.359375,16988.70703125,5407.576171875,564.001953125,7110.330078125,110.44140625,973.6171875,2533.513671875,2756.228515625,2566.73828125,796.3828125,2534.646484375,1576.484375,4403.734375,2143.16796875,742.900390625,4805.150390625,2299.951171875,1981.173828125,1942.884765625,272.404296875,217.619140625,21.478515625
beta_PREFERRED_LANGUAGE_other,5551.42293116045,1983.962890625,-1480.81055500402,189.962890625,2023.4609375,8.27440606981168,38.142578125,75.58203125,137.76171875,452.59375,985.796875,1609.943359375,643.6640625,192.015625,14.986328125,5407.576171875,5552.931640625,184.01953125,2357.318359375,20.55859375,330.0703125,897.3125,903.494140625,814.201171875,241.103515625,899.71875,357.2734375,1626.4453125,287.640625,232.455078125,1808.861328125,366.470703125,419.21875,698.859375,38.869140625,61.345703125,22.947265625
beta_ORGANISATION_TYPE_Government,3311.91246222937,1252.41015625,-870.711966561129,121.80078125,1359.330078125,29.1981915337033,47.150390625,37.58984375,162.9140625,260.283203125,420.1953125,808.693359375,539.337890625,96.87890625,17.2890625,564.001953125,184.01953125,3271.177734375,19.33203125,356.31640625,1092.22265625,768.24609375,285.212890625,368.828125,163.546875,358.533203125,1640.46484375,730.18359375,1601.884765625,882.705078125,1898.4609375,490.109375,153.18359375,408.662109375,25.099609375,-0.00390625,0.10546875
beta_ORGANISATION_TYPE_Private,23922.3004983867,9897.568359375,-6884.93372428333,1018.0390625,8753.8828125,81.0492340755415,212.48828125,304.48828125,737.455078125,1446.5234375,3204.322265625,6177.705078125,3781.17578125,976.673828125,133.1640625,7110.330078125,2357.318359375,19.33203125,23738.8046875,100.65625,648.1015625,2476.09375,4066.55859375,4058.57421875,1099.20703125,3181.220703125,1705.6171875,6699.21875,3138.1796875,806.068359375,8329.7578125,4115.52734375,1773.28125,2226.6796875,200.943359375,145.0703125,33.53515625
beta_SERVICE_SIZE_0to20,714.491741958885,115.224609375,-198.07317491938,12.294921875,264.60546875,6.39697186500613,7.115234375,10.580078125,18.376953125,33.37890625,93.849609375,186.5546875,142.482421875,27.38671875,7.95703125,110.44140625,20.55859375,356.31640625,100.65625,689.51171875,8.01953125,4.63671875,2.650390625,1.56640625,77.736328125,117.099609375,324.95703125,66.408203125,236.67578125,309.046875,288.58984375,112.1640625,28.00390625,32.935546875,40.595703125,1.68359375,3.5546875
beta_SERVICE_SIZE_21to40,4409.39475320842,1047.0234375,-1139.56465600815,106.2421875,1642.291015625,16.7504413450027,46.333984375,72.30859375,156.5625,262.486328125,568.20703125,1045.943359375,729.884765625,183.806640625,20.294921875,973.6171875,330.0703125,1092.22265625,648.1015625,8.01953125,4260.77734375,33.908203125,24.3984375,32.83203125,301.90234375,780.33203125,1174.2265625,771.4453125,1378.0390625,989.958984375,1293.642578125,679.84765625,460.74609375,539.87890625,94.806640625,2.98828125,30.7734375
beta_SERVICE_SIZE_41to60,8293.28973563156,2330.87890625,-2233.0971109528,221.80078125,2917.701171875,27.3473876013063,79.505859375,115.822265625,215.4453125,529.744140625,1125.501953125,2187.443359375,1239.9609375,361.37890625,54.939453125,2533.513671875,897.3125,768.24609375,2476.09375,4.63671875,33.908203125,8095.744140625,32.728515625,36.8515625,584.078125,1305.0390625,1550.94921875,1736.91015625,2154.13671875,1018.263671875,2495.7265625,1157.84375,862.103515625,863.640625,278.05078125,36.453125,21.353515625
beta_SERVICE_SIZE_61to80,9951.91493881934,3642.30859375,-2699.53440548473,359.466796875,3443.029296875,32.6753442453391,77.625,181.8203125,285.884765625,626.171875,1325.865234375,2516.9453125,1712.296875,435.69140625,55.76171875,2756.228515625,903.494140625,285.212890625,4066.55859375,2.650390625,24.3984375,32.728515625,9767.65234375,36.015625,699.14453125,1788.154296875,1413.294921875,2228.009765625,2332.029296875,1023.283203125,2217.884765625,1544.62890625,901.443359375,1051.103515625,237.24609375,137.982421875,14.556640625
beta_SERVICE_SIZE_81to100,9879.19172331272,3830.919921875,-2618.74301780124,349.71875,3697.224609375,31.9373052671582,74.455078125,117.0546875,313.4453125,656.11328125,1268.693359375,2469.27734375,1657.275390625,365.8046875,37.029296875,2566.73828125,814.201171875,368.828125,4058.57421875,1.56640625,32.83203125,36.8515625,36.015625,9697.310546875,430.404296875,1731.5,1409.529296875,3024.583984375,2403.78515625,647.34375,2704.78125,1765.052734375,678.974609375,1467.984375,262.763671875,73.939453125,2.484375
beta_ACPR_SES_Q1,3114.01579646227,1162.818359375,-851.692563138548,110.509765625,1114.357421875,8.68717529214481,31.615234375,41.369140625,84.87109375,221.330078125,470.6171875,805.6953125,499.0703125,121.458984375,29.435546875,796.3828125,241.103515625,163.546875,1099.20703125,77.736328125,301.90234375,584.078125,699.14453125,430.404296875,3101.59375,3.17578125,2.802734375,2.091796875,1030.8359375,929.884765625,23.73046875,744.748046875,53.625,1486.587890625,354.41015625,0.609375,44.1640625
beta_ACPR_SES_Q2,10185.8513764558,3863.94921875,-2786.18754305308,380.806640625,3890.5078125,31.4465473899142,83.515625,144.173828125,310.029296875,591.548828125,1414.0703125,2623.79296875,1496.265625,436.572265625,34.15625,2534.646484375,899.71875,358.533203125,3181.220703125,117.099609375,780.33203125,1305.0390625,1788.154296875,1731.5,3.17578125,10132.716796875,7.9609375,15.125,4653.974609375,1642.1640625,961.625,1571.1640625,64.130859375,1067.654296875,481.59375,9.01953125,-0.00390625
beta_ACPR_SES_Q3,9433.20222636472,3356.90625,-2402.21517831026,317.26953125,3408.560546875,38.5758517461565,77.99609375,135.51171875,282.859375,626.384765625,1225.337890625,2461.15625,1540.8828125,403.501953125,30.572265625,1576.484375,357.2734375,1640.46484375,1705.6171875,324.95703125,1174.2265625,1550.94921875,1413.294921875,1409.529296875,2.802734375,7.9609375,9399.771484375,13.830078125,5404.517578125,1750.787109375,2834.837890625,1851.24609375,246.734375,479.650390625,836.958984375,6.1796875,0.185546875
beta_ACPR_SES_Q4,14391.7844561296,5318.45703125,-3888.26724977898,524.23046875,5301.166015625,51.1187100506021,115.015625,171.51171875,464.658203125,1013.3984375,1941.654296875,3585.818359375,2277.265625,538.1171875,60.958984375,4403.734375,1626.4453125,730.18359375,6699.21875,66.408203125,771.4453125,1736.91015625,2228.009765625,3024.583984375,2.091796875,15.125,13.830078125,14299.8125,2329.1328125,484.390625,4891.15234375,2408.80078125,1503.447265625,2014.796875,10.25,35.962890625,57.076171875
beta_REMOTENESS_Inner,13557.1283068881,5111.14453125,-3573.71097416826,487.64453125,4964.921875,40.8546421994058,97.607421875,146.3828125,356.8671875,814.458984375,1736.572265625,3410.59765625,2304.462890625,561.01171875,62.8984375,2143.16796875,287.640625,1601.884765625,3138.1796875,236.67578125,1378.0390625,2154.13671875,2332.029296875,2403.78515625,1030.8359375,4653.974609375,5404.517578125,2329.1328125,13497.083984375,14.083984375,3809.560546875,2473.908203125,332.802734375,745.595703125,1297.314453125,20.1328125,0.001953125
beta_REMOTENESS_Outer,4815.85471507619,1635.779296875,-1283.96914189449,166.8984375,1824.953125,20.3797670418304,47.73828125,87.8125,172.84765625,306.787109375,650.5546875,1256.056640625,709.751953125,170.7578125,29.947265625,742.900390625,232.455078125,882.705078125,806.068359375,309.046875,989.958984375,1018.263671875,1023.283203125,647.34375,929.884765625,1642.1640625,1750.787109375,484.390625,14.083984375,4792.13671875,827.32421875,1337.185546875,432.111328125,602.357421875,376.72265625,8.763671875,97.787109375
beta_STATE_VIC,15712.2120385921,5681.080078125,-4083.54284553482,532.53515625,5432.05859375,59.8743631860832,114.806640625,143.42578125,451.99609375,930.478515625,1996.298828125,4133.78125,2547.8828125,643.513671875,67.29296875,4805.150390625,1808.861328125,1898.4609375,8329.7578125,288.58984375,1293.642578125,2495.7265625,2217.884765625,2704.78125,23.73046875,961.625,2834.837890625,4891.15234375,3809.560546875,827.32421875,15716.5859375,-0.00390625,0.00390625,0.00390625,0,0,-0.00390625
beta_STATE_QLD,10853.7750983329,3995.109375,-2821.99242145688,350.7734375,4128.54296875,31.128886283326,89.396484375,158.974609375,338.337890625,730.498046875,1640.42578125,2644.51171875,1667.197265625,488.34375,31.134765625,2299.951171875,366.470703125,490.109375,4115.52734375,112.1640625,679.84765625,1157.84375,1544.62890625,1765.052734375,744.748046875,1571.1640625,1851.24609375,2408.80078125,2473.908203125,1337.185546875,-0.00390625,10856.833984375,0.00390625,0.00390625,0,0.00390625,-0.00390625
beta_STATE_WA,5041.22656629023,1805.998046875,-1327.76850264543,178.064453125,1794.5078125,15.7841428890339,48.26953125,106.8828125,142.765625,314.78515625,612.07421875,1275.841796875,857.53515625,224.046875,40.775390625,1981.173828125,419.21875,153.18359375,1773.28125,28.00390625,460.74609375,862.103515625,901.443359375,678.974609375,53.625,64.130859375,246.734375,1503.447265625,332.802734375,432.111328125,0.00390625,0.00390625,5043.775390625,-0.005859375,-0.00390625,-0.00390625,0.00390625
beta_STATE_SA,6094.27747662897,2276.875,-1612.86151454122,219.279296875,2039.048828125,7.19968436189361,54.724609375,57.884765625,170.03125,344.412109375,745.26171875,1520.517578125,1124.21875,227.318359375,23.28125,1942.884765625,698.859375,408.662109375,2226.6796875,32.935546875,539.87890625,863.640625,1051.103515625,1467.984375,1486.587890625,1067.654296875,479.650390625,2014.796875,745.595703125,602.357421875,0.00390625,0.00390625,-0.005859375,6097.169921875,-0.00390625,-0.001953125,0.001953125
beta_STATE_TAS,1701.4130525086,663.9140625,-476.849599088865,71.052734375,629.736328125,0.180705419915427,13.244140625,45.859375,30.525390625,84.580078125,221.73046875,398.14453125,347.087890625,49.658203125,22.90234375,272.404296875,38.869140625,25.099609375,200.943359375,40.595703125,94.806640625,278.05078125,237.24609375,262.763671875,354.41015625,481.59375,836.958984375,10.25,1297.314453125,376.72265625,0,0,-0.00390625,-0.00390625,1702.15625,0,0
beta_STATE_ACT,634.154098960478,217.96875,-168.946143005904,23.5625,232.068359375,3.96791058887981,3.88671875,15.41796875,15.50390625,39.34375,97.955078125,181.7109375,107.912109375,21.49609375,-0.00390625,217.619140625,61.345703125,-0.00390625,145.0703125,1.68359375,2.98828125,36.453125,137.982421875,73.939453125,0.609375,9.01953125,6.1796875,35.962890625,20.1328125,8.763671875,0,0.00390625,-0.00390625,-0.001953125,0,634.443359375,0
beta_STATE_NT,112.435473458129,35.658203125,-30.0182094066447,4.638671875,52.537109375,2.70297264947181,0.197265625,0.4921875,2.58984375,15.841796875,23.271484375,39.78125,6.650390625,2.1171875,0.4296875,21.478515625,22.947265625,0.10546875,33.53515625,3.5546875,30.7734375,21.353515625,14.556640625,2.484375,44.1640625,-0.00390625,0.185546875,57.076171875,0.001953125,97.787109375,-0.00390625,-0.00390625,0.00390625,0.001953125,0,0,112.4765625
